{"params": {"DIAL": 7078000, "FREQ": 7078888, "OFFSET": 888, "SNR": -15, "SPEED": 0, "TDRIFT": 0.10000000149011612, "UTC": 1697839647243, "_ID": -1}, "type": "RX.ACTIVITY", "value": "KD8SKZ: KC8YJJ HEARTBEAT SNR -19 ", "time": 1697839648.0509138}
{"params": {"CMD": " HEARTBEAT SNR", "DIAL": 7078000, "EXTRA": "-19", "FREQ": 7078888, "FROM": "KD8SKZ", "GRID": "", "OFFSET": 888, "SNR": -15, "SPEED": 0, "TDRIFT": 0.10000000149011612, "TEXT": "KD8SKZ: KC8YJJ HEARTBEAT SNR -19 \u2662 ", "TO": "KC8YJJ", "UTC": 1697839647243, "_ID": -1}, "type": "RX.DIRECTED", "value": "KD8SKZ: KC8YJJ HEARTBEAT SNR -19 \u2662 ", "time": 1697839648.1512263, "rxerror": false}
{"params": {"DIAL": 7078000, "FREQ": 7078812, "OFFSET": 812, "SNR": -18, "SPEED": 0, "TDRIFT": 0.4000000059604645, "UTC": 1697841179372, "_ID": -1}, "type": "RX.ACTIVITY", "value": "LB3NJ: @HB HEARTBEAT JO59 ", "time": 1697841180.051033}
{"params": {"CMD": " HEARTBEAT", "DIAL": 7078000, "EXTRA": "", "FREQ": 7078812, "FROM": "LB3NJ", "GRID": "JO59", "OFFSET": 812, "SNR": -18, "SPEED": 0, "TDRIFT": 0.4000000059604645, "TEXT": "LB3NJ: @HB HEARTBEAT \u2662 ", "TO": "@HB", "UTC": 1697841179372, "_ID": -1}, "type": "RX.DIRECTED", "value": "LB3NJ: @HB HEARTBEAT \u2662 ", "time": 1697841180.1512666, "rxerror": false}
{"params": {"DIAL": 7078000, "FREQ": 7078639, "OFFSET": 639, "SNR": -14, "SPEED": 0, "TDRIFT": 0.10000000149011612, "UTC": 1697841371936, "_ID": -1}, "type": "RX.ACTIVITY", "value": "KD8SKZ: W7HLM HEARTBEAT SNR -18 ", "time": 1697841372.0502028}
{"params": {"DIAL": 7078000, "FREQ": 7078914, "OFFSET": 914, "SNR": -15, "SPEED": 0, "TDRIFT": 0.4000000059604645, "UTC": 1697841372001, "_ID": -1}, "type": "RX.ACTIVITY", "value": "LB3NJ: @HB HEARTBEAT JO59 ", "time": 1697841372.1504896}
{"params": {"CMD": " HEARTBEAT SNR", "DIAL": 7078000, "EXTRA": "-18", "FREQ": 7078639, "FROM": "KD8SKZ", "GRID": "", "OFFSET": 639, "SNR": -14, "SPEED": 0, "TDRIFT": 0.10000000149011612, "TEXT": "KD8SKZ: W7HLM HEARTBEAT SNR -18 \u2662 ", "TO": "W7HLM", "UTC": 1697841371936, "_ID": -1}, "type": "RX.DIRECTED", "value": "KD8SKZ: W7HLM HEARTBEAT SNR -18 \u2662 ", "time": 1697841372.1505587, "rxerror": false}
{"params": {"DIAL": 7078000, "FREQ": 7079944, "OFFSET": 1944, "SNR": -18, "SPEED": 0, "TDRIFT": 0.30000001192092896, "UTC": 1697841973187, "_ID": -1}, "type": "RX.ACTIVITY", "value": "KE0DHO: K3DOC SNR +04 ", "time": 1697841974.0499823}
{"params": {"CMD": " SNR", "DIAL": 7078000, "EXTRA": "+04", "FREQ": 7079944, "FROM": "KE0DHO", "GRID": "", "OFFSET": 1944, "SNR": -18, "SPEED": 0, "TDRIFT": 0.30000001192092896, "TEXT": "KE0DHO: K3DOC SNR +04 \u2662 ", "TO": "K3DOC", "UTC": 1697841973187, "_ID": -1}, "type": "RX.DIRECTED", "value": "KE0DHO: K3DOC SNR +04 \u2662 ", "time": 1697841974.1502783, "rxerror": false}
{"params": {"DIAL": 7078000, "FREQ": 7079592, "OFFSET": 1592, "SNR": -11, "SPEED": 0, "TDRIFT": 0.30000001192092896, "UTC": 1697842047385, "_ID": -1}, "type": "RX.ACTIVITY", "value": "N6CYB: K3DOC SNR +08 ", "time": 1697842048.0623395}
{"params": {"CMD": " SNR", "DIAL": 7078000, "EXTRA": "+08", "FREQ": 7079592, "FROM": "N6CYB", "GRID": "", "OFFSET": 1592, "SNR": -11, "SPEED": 0, "TDRIFT": 0.30000001192092896, "TEXT": "N6CYB: K3DOC SNR +08 \u2662 ", "TO": "K3DOC", "UTC": 1697842047385, "_ID": -1}, "type": "RX.DIRECTED", "value": "N6CYB: K3DOC SNR +08 \u2662 ", "time": 1697842048.0624251, "rxerror": false}
